{
  "fs_hz": 256,
  "channels": 8,
  "duration_sec": 42.26171875,
  "lambda": 1e-33,
  "snr_method": "power_ratio",
  "snr_db_channel": 7.497012496999523,
  "impact_channel": {
    "peak_before": 143.26099494250383,
    "peak_after": 110.977396581557,
    "peak_reduction": 32.283598360946826,
    "mean_shift": 1.681291619877859e-16,
    "median_shift": 0.8835480428043478,
    "artifact_variance_reduction_pct": 47.726108141020546
  },
  "tags_channel": {
    "artifact_suppression": true,
    "drift_correction": false,
    "smoothing_effect": true
  },
  "thresholds": {
    "artifact_suppression_pct": 20.0,
    "drift_uv": 5.0,
    "smoothing_pct": 5.0
  }
}